Timestamp,Accompany the person to a nearby Clinic,Gently Nudging the person to see if they are responsive,Gently asking if the stranger is okay,Provide comfort and reassurance,helps the person sit up and offers them water and a snack from his bag,"calls emergency services for help and stays with the stranger until they arrive, ensuring they receive the necessary care.",Covering them with a jacket,the person ultimately decides to continue on their way but make a mental note to alert authorities if the stranger is still there on their return trip.,"After a moment's hesitation, they continue on their way, hoping someone else will assist the stranger.",tries to find someone who can provide proper medical attention,"If there is no response, she carefully tries to rouse the person while being mindful of their personal space","The person calls emergency services and waits nearby until help arrives, keeping a watchful eye on the stranger's condition"
5/21/2024 19:58:40,7,4,4,6,6,10,4,2,1,9,5,10
5/21/2024 20:12:40,4,3,3,4,6,8,5,2,1,6,3,8
5/21/2024 20:13:10,10,9,7,8,9,10,7,4,1,10,10,10
5/21/2024 20:13:18,10,5,10,8,8,6,4,7,1,10,9,10
5/21/2024 20:36:10,9,5,5,5,7,10,1,1,1,10,7,10
5/21/2024 20:55:47,7,5,6,9,9,8,5,4,3,6,8,8
5/21/2024 20:57:50,10,2,5,7,4,10,3,1,1,5,5,10
5/21/2024 21:13:43,10,10,10,7,10,10,5,3,1,3,10,10
5/21/2024 21:24:54,8,5,6,4,10,10,4,1,1,6,7,10
5/22/2024 11:04:27,6,8,7,7,8,10,4,1,1,7,7,10
5/22/2024 12:01:29,9,10,10,10,10,10,6,1,1,6,3,8
5/22/2024 12:54:49,8,5,4,8,9,10,7,5,1,6,3,9
5/22/2024 13:32:21,10,7,7,9,9,8,10,6,2,8,6,7
5/22/2024 13:32:49,6,7,4,2,6,8,3,6,1,8,7,10
5/22/2024 13:35:17,9,2,5,6,8,9,7,3,1,7,4,4
5/22/2024 13:40:13,7,7,8,8,8,10,6,4,1,10,6,10
5/22/2024 13:50:45,9,8,4,5,8,5,2,1,1,5,5,5
5/22/2024 17:36:36,7,8,8,7,9,10,4,2,1,7,5,9
5/22/2024 20:40:33,1,5,5,5,5,10,5,1,1,4,1,10
5/22/2024 20:41:28,3,8,7,6,8,2,5,7,8,4,7,3
5/22/2024 22:59:03,5,10,10,10,7,10,6,2,1,6,6,10
5/27/2024 18:57:02,8,9,10,6,7,10,2,1,2,7,7,10
5/29/2024 12:20:34,10,6,7,8,9,9,7,4,2,8,7,8
5/31/2024 15:28:23,8,9,6,6,7,10,7,10,10,8,10,9
5/31/2024 15:30:48,6,5,8,7,7,10,7,4,1,10,6,10